mesh,audio,strategy,beta0,beta1,chi,A_ratio,S
sphere,A1,direct,52,0,52,0.026228467796503632,0.33333333354886047
sphere,A1,mel,60,0,60,0.026673586880434072,0.33333334009477217
sphere,A1,energy,62,0,62,0.025601117843813498,0.33333333333333326
sphere,A2,direct,22,0,22,0.02533297412609853,0.33333333338471655
sphere,A2,mel,52,0,52,0.02355375561110511,0.33333333464102294
sphere,A2,energy,54,0,54,0.025316517821131163,0.3333333333333333
sphere,A3,direct,59,60,-1,0.051039563775892464,0.6257946735695534
sphere,A3,mel,71,23,48,0.035515517400821504,0.5742655816034526
sphere,A3,energy,74,0,74,0.034132582285286914,0.6698762802804752
sphere,A4,direct,143,36,107,0.05856198466173378,0.4449631004081525
sphere,A4,mel,154,5,149,0.06343912682317657,0.4903439391465301
sphere,A4,energy,146,5,141,0.05554473431888063,0.45389320880331824
sphere,A5,direct,131,33,98,0.06560659039344474,0.5204110805680728
sphere,A5,mel,118,5,113,0.06834027354888993,0.5125154308696253
sphere,A5,energy,132,79,53,0.08119229630500711,0.5241396219594789
sphere,A6,direct,62,6,56,0.03513008611795645,0.40248738299036274
sphere,A6,mel,48,44,4,0.04016527403726014,0.39840480925330435
sphere,A6,energy,47,0,47,0.024673258519993437,0.34009619127469626
sphere,A7,direct,20,0,20,0.021935886294009915,0.3343236682636382
sphere,A7,mel,20,0,20,0.02581413219990174,0.33425552232129174
sphere,A7,energy,22,0,22,0.024309491151696394,0.33333431537685554
torus,A1,direct,0,0,0,0.0,0.3333333499500826
torus,A1,mel,0,0,0,0.0,0.33334462280763405
torus,A1,energy,0,0,0,0.0,0.3333333334196995
torus,A2,direct,0,0,0,0.0,0.33333333519303937
torus,A2,mel,2,2,0,0.039999999999999855,0.3333336245242089
torus,A2,energy,0,0,0,0.0,0.33333333333347176
torus,A3,direct,85,0,85,0.03661754088882008,0.3565476299082995
torus,A3,mel,86,5,81,0.046013332265099564,0.7133262198212421
torus,A3,energy,46,9,37,0.03586942810122616,0.8243239099494449
torus,A4,direct,129,3,126,0.06349512424295493,0.498572362278054
torus,A4,mel,136,6,130,0.053380530440788596,0.4738597481483808
torus,A4,energy,126,0,126,0.048141101402882115,0.468433356719923
torus,A5,direct,137,90,47,0.08830443974965069,0.4834709348120538
torus,A5,mel,143,68,75,0.08703338754251005,0.4825242870249243
torus,A5,energy,153,87,66,0.09426348976374556,0.5025430296349703
torus,A6,direct,48,115,-67,0.06700901348430424,0.4109066487106446
torus,A6,mel,44,64,-20,0.044581115382978584,0.41854716995169167
torus,A6,energy,19,0,19,0.019203254228541168,0.35148767376708573
torus,A7,direct,6,0,6,0.021019620911865534,0.3340515284152677
torus,A7,mel,5,0,5,0.01708554551799737,0.3335598147602861
torus,A7,energy,0,0,0,0.0,0.333333435659313
double_torus,A1,direct,4,0,4,0.011164077709104648,0.384431124639939
double_torus,A1,mel,3,3,0,0.08195531575265137,0.3333385279981429
double_torus,A1,energy,3,3,0,0.08195531575265137,0.33333333953442534
double_torus,A2,direct,2,196,-194,0.0337138101515217,0.37557225046191506
double_torus,A2,mel,1,1,0,0.035767858236150654,0.3341880365574373
double_torus,A2,energy,1,1,0,0.035767858236150654,0.33348648231272043
double_torus,A3,direct,31,1,30,0.03249463455831545,0.5916268032278992
double_torus,A3,mel,39,1,38,0.033115959610994936,0.43138268381481054
double_torus,A3,energy,22,0,22,0.020298422138141262,0.38946648540060025
double_torus,A4,direct,67,9,58,0.062043571186753785,0.4712741986106026
double_torus,A4,mel,70,51,19,0.06951842909323341,0.45318651731019877
double_torus,A4,energy,72,9,63,0.062356669896734135,0.4379513840594052
double_torus,A5,direct,66,4,62,0.05460586392915258,0.4638684557169546
double_torus,A5,mel,66,4,62,0.0559777777523707,0.454194061754418
double_torus,A5,energy,70,5,65,0.05532346368837837,0.4790293063442255
double_torus,A6,direct,57,22,35,0.059679028766430456,0.39450232734649493
double_torus,A6,mel,54,46,8,0.06479743627735918,0.43184864963605296
double_torus,A6,energy,12,4,8,0.01810143320546338,0.4171057350410383
double_torus,A7,direct,10,63,-53,0.023106694338925954,0.3782825660993683
double_torus,A7,mel,14,73,-59,0.022808968628510486,0.37562593757869384
double_torus,A7,energy,1,187,-186,0.033699200036022135,0.3756278231284546
cube,A1,direct,50,41,9,0.02423095703125,0.3333333333374458
cube,A1,mel,56,34,22,0.023722330729166668,0.3333333333637209
cube,A1,energy,56,38,18,0.0238037109375,0.3333333333333333
cube,A2,direct,59,37,22,0.023295084635416668,0.33333333333584786
cube,A2,mel,60,25,35,0.023417154947916668,0.33333333335552773
cube,A2,energy,57,29,28,0.024027506510416668,0.3333333333333333
cube,A3,direct,124,43,81,0.033467610677083336,0.5219125915580626
cube,A3,mel,130,19,111,0.036966959635416664,0.7597610357996385
cube,A3,energy,111,48,63,0.036824544270833336,0.8758000937071828
cube,A4,direct,265,38,227,0.0545654296875,0.44135305745547915
cube,A4,mel,243,22,221,0.05108642578125,0.48220620380917634
cube,A4,energy,231,35,196,0.047261555989583336,0.4569997052486356
cube,A5,direct,205,101,104,0.043965657552083336,0.5090379003527522
cube,A5,mel,210,51,159,0.047444661458333336,0.5081180656771856
cube,A5,energy,235,38,197,0.051106770833333336,0.5282073262192654
cube,A6,direct,84,113,-29,0.036844889322916664,0.40243432364001525
cube,A6,mel,87,117,-30,0.03363037109375,0.389563297319143
cube,A6,energy,28,94,-66,0.024698893229166668,0.3381270638216926
cube,A7,direct,52,51,1,0.023050944010416668,0.33372018400177605
cube,A7,mel,54,43,11,0.023295084635416668,0.3334620326880405
cube,A7,energy,60,35,25,0.023213704427083332,0.33333334297381617
tetrahedron,A1,direct,31,0,31,0.029174804687499976,0.3333333333374476
tetrahedron,A1,mel,35,11,24,0.032165527343750104,0.3333333333637283
tetrahedron,A1,energy,36,5,31,0.03143310546875007,0.3333333333333333
tetrahedron,A2,direct,18,0,18,0.022216796874999906,0.33333333333584964
tetrahedron,A2,mel,40,0,40,0.027099609374999892,0.33333333335553617
tetrahedron,A2,energy,37,2,35,0.030029296875000007,0.3333333333333333
tetrahedron,A3,direct,67,25,42,0.05596923828125113,0.52158802469875
tetrahedron,A3,mel,77,0,77,0.03649902343750029,0.7602920016916926
tetrahedron,A3,energy,75,4,71,0.04016113281250044,0.8756099107222752
tetrahedron,A4,direct,107,17,90,0.05792236328125123,0.45745092222275946
tetrahedron,A4,mel,119,0,119,0.05432128906250106,0.364352856089092
tetrahedron,A4,energy,81,5,76,0.04376220703125062,0.3361473732804587
tetrahedron,A5,direct,118,6,112,0.056518554687501145,0.5050636631060462
tetrahedron,A5,mel,103,7,96,0.05096435546875092,0.5001467365707318
tetrahedron,A5,energy,120,14,106,0.06579589843750157,0.5032776805385044
tetrahedron,A6,direct,79,2,77,0.04687500000000074,0.40534327753576144
tetrahedron,A6,mel,62,7,55,0.04669189453125074,0.38287928743940114
tetrahedron,A6,energy,33,76,-43,0.040893554687500486,0.33685138324446834
tetrahedron,A7,direct,25,0,25,0.02136230468749991,0.3336841551123046
tetrahedron,A7,mel,27,0,27,0.021606445312499917,0.3334522437459994
tetrahedron,A7,energy,19,0,19,0.021606445312499913,0.3333333421217785
octahedron,A1,direct,24,0,24,0.015380859374999898,0.3333333339284253
octahedron,A1,mel,58,0,58,0.023315429687499722,0.3333333511634889
octahedron,A1,energy,52,0,52,0.02343749999999972,0.3333333333333335
octahedron,A2,direct,74,28,46,0.026489257812499653,0.3333333334725979
octahedron,A2,mel,50,0,50,0.024536132812499695,0.3333333368975513
octahedron,A2,energy,50,0,50,0.023803710937499712,0.3333333333333333
octahedron,A3,direct,78,6,72,0.03814697265624967,0.6475293875181259
octahedron,A3,mel,112,24,88,0.04272460937500017,0.33743876902634806
octahedron,A3,energy,109,55,54,0.04147338867187503,0.333374127865723
octahedron,A4,direct,170,58,112,0.057312011718751756,0.6761719080718908
octahedron,A4,mel,177,11,166,0.05343627929687633,0.45062568585999047
octahedron,A4,energy,195,0,195,0.04754638671875069,0.46200272218564825
octahedron,A5,direct,164,18,146,0.04937744140625089,0.4816313622161234
octahedron,A5,mel,150,45,105,0.0522155761718762,0.5004513963963794
octahedron,A5,energy,193,57,136,0.06704711914062782,0.5044548864354205
octahedron,A6,direct,87,56,31,0.04180908203125006,0.4079147942972232
octahedron,A6,mel,94,139,-45,0.048126220703125756,0.4067512424846694
octahedron,A6,energy,47,33,14,0.025421142578124677,0.3439006715912502
octahedron,A7,direct,77,45,32,0.026885986328124643,0.33462261376299557
octahedron,A7,mel,66,15,51,0.026275634765624657,0.3339999790986566
octahedron,A7,energy,77,14,63,0.026000976562499663,0.33333378418742415
icosahedron,A1,direct,70,0,70,0.027929687500000317,0.3333333334472313
icosahedron,A1,mel,66,0,66,0.02714843750000031,0.3333333376011925
icosahedron,A1,energy,64,0,64,0.02812500000000032,0.3333333333333333
icosahedron,A2,direct,46,0,46,0.022851562500000176,0.33333333335510734
icosahedron,A2,mel,57,0,57,0.022949218750000215,0.3333333340380708
icosahedron,A2,energy,64,0,64,0.027734375000000318,0.3333333333333333
icosahedron,A3,direct,73,3,70,0.03784179687500061,0.774824096492832
icosahedron,A3,mel,97,5,92,0.039892578125000674,0.6183105705080733
icosahedron,A3,energy,85,28,57,0.043603515625000755,0.7209526895122949
icosahedron,A4,direct,140,0,140,0.04902343750000089,0.6024485529302845
icosahedron,A4,mel,129,0,129,0.04892578125000091,0.3742814167876009
icosahedron,A4,energy,121,2,119,0.048828125000000895,0.39473756750409844
icosahedron,A5,direct,124,0,124,0.04531250000000081,0.5049896308577394
icosahedron,A5,mel,137,2,135,0.05371093750000102,0.5143441196018573
icosahedron,A5,energy,141,11,130,0.0554199218750011,0.5271728131772285
icosahedron,A6,direct,66,0,66,0.026953125000000296,0.395134522078646
icosahedron,A6,mel,63,5,58,0.028759765625000343,0.3907818949662647
icosahedron,A6,energy,58,0,58,0.024755859375000255,0.33852296356870926
icosahedron,A7,direct,55,0,55,0.024902343750000226,0.33345365453128967
icosahedron,A7,mel,51,0,51,0.02529296875000026,0.3337334237691285
icosahedron,A7,energy,47,0,47,0.024511718750000216,0.3333335978328793
ellipsoid,A1,direct,18,0,18,0.012795162744244894,0.3333333338965077
ellipsoid,A1,mel,64,0,64,0.0346200197048882,0.33333335190340874
ellipsoid,A1,energy,64,0,64,0.0346200197048882,0.3333333333333335
ellipsoid,A2,direct,64,0,64,0.03702012763976367,0.3333333334560626
ellipsoid,A2,mel,55,0,55,0.027653104824948913,0.3333333369381051
ellipsoid,A2,energy,56,0,56,0.02562606472771292,0.3333333333333333
ellipsoid,A3,direct,69,40,29,0.04465626649265164,0.4883134396141749
ellipsoid,A3,mel,80,7,73,0.04411229268082657,0.38082254538440957
ellipsoid,A3,energy,71,2,69,0.04273032848149018,0.3392929102290838
ellipsoid,A4,direct,122,29,93,0.06266475718396237,0.4592006245898086
ellipsoid,A4,mel,160,3,157,0.07007441597674488,0.42688689898433724
ellipsoid,A4,energy,114,17,97,0.053604998908546996,0.3792858091864564
ellipsoid,A5,direct,149,0,149,0.05635358733302308,0.5161101535414404
ellipsoid,A5,mel,141,1,140,0.05311888724396616,0.5072861059238366
ellipsoid,A5,energy,141,1,140,0.0490234580576794,0.5154206064946064
ellipsoid,A6,direct,90,19,71,0.0482364571171342,0.38882025826784883
ellipsoid,A6,mel,62,3,59,0.03690739074926003,0.40305263432441746
ellipsoid,A6,energy,40,0,40,0.025032857404430044,0.34358231569271763
ellipsoid,A7,direct,55,0,55,0.02774926384301725,0.33454925303100386
ellipsoid,A7,mel,42,0,42,0.020941092646633092,0.33353716710753073
ellipsoid,A7,energy,64,0,64,0.03702012763976367,0.33333339144215196
flat_plate,A1,direct,20,0,20,0.018059381695745322,0.7065035355149214
flat_plate,A1,mel,1,35,-34,0.02198755229058271,0.7303954498900942
flat_plate,A1,energy,1,34,-33,0.021936537088052353,0.7304438001915609
flat_plate,A2,direct,32,8,24,0.026629935720844954,0.7306461809283235
flat_plate,A2,mel,2,10,-8,0.020610141822263117,0.7254996325478137
flat_plate,A2,energy,1,32,-31,0.021834506682991642,0.7285166455747477
flat_plate,A3,direct,58,48,10,0.04790327517600305,0.6025724491696164
flat_plate,A3,mel,46,154,-108,0.057698194061831194,0.5422029927917796
flat_plate,A3,energy,52,9,43,0.04366901336598357,0.5268733040879913
flat_plate,A4,direct,118,62,56,0.08463422099785871,0.5019766499414435
flat_plate,A4,mel,110,118,-8,0.0907560453015013,0.500661244261875
flat_plate,A4,energy,95,134,-39,0.08126721763085526,0.5205627823576884
flat_plate,A5,direct,129,48,81,0.07534945413733411,0.5515057655969949
flat_plate,A5,mel,120,17,103,0.06514641363126314,0.7215663841001633
flat_plate,A5,energy,130,38,92,0.06637077849199162,0.7216870978889035
flat_plate,A6,direct,61,8,53,0.03907764513825158,0.7484031059411179
flat_plate,A6,mel,41,103,-62,0.03902662993572125,0.581156293842117
flat_plate,A6,energy,35,102,-67,0.03632282420161246,0.7206900261110082
flat_plate,A7,direct,34,14,20,0.028262422201816313,0.7321792091766564
flat_plate,A7,mel,37,22,15,0.029384756657484117,0.7332003599811511
flat_plate,A7,energy,29,4,25,0.026731966125905667,0.7307561837336506
